{
  "corners_original": [[0, 0], [1532, 0], [1523, 932], [0, 932]],
  "corners_translated": [ [456, 221], [1587, 230], [1516, 867], [481, 906] ],
  "coefficients": 
  [1.185952868222184,
 -0.04328295139497808,
 -531.2289756509873,
 -0.009388064754863609,
 1.1797668041940437,
 -256.4475061986556,
 -6.206757795232154e-05,
 -0.00011401107790048759]
}