{
  "corners_original": [[0, 0], [1532, 0], [1523, 932], [0, 932]],
  "corners_translated": [ [322, 224], [1473, 195], [1461, 911], [333, 897] ],
  "coefficients": 
 [1.4348642707932726,
 -0.023452462078357,
 -456.77294368984224,
 0.03486108507475742,
 1.3836244455532511,
 -321.1571451980012,
 5.6095134581186884e-05,
 -2.1347670340002186e-05]
}