{
  "corners_original": [[0, 0], [1532, 0], [1523, 932], [0, 932]],
  "corners_translated": [ [384, 191], [1516, 190], [1451, 852], [420, 886] ],
  "coefficients": 
[1.2320109103199863,
 -0.06381639247699782,
 -460.903258599765,
 0.0010391152316441103,
 1.1762784422305854,
 -225.06820271499265,
 -4.438312886398155e-05,
 -0.00011756040862012591]
}