{
  "corners_original": [[0, 0], [1532, 0], [1523, 932], [0, 932]],
  "corners_translated": [ [243, 203], [1201, 209], [1162, 691], [320, 855] ],
  "coefficients": 
[1.028836705637651,
 -0.1215037213713015,
 -225.34206403158294,
 -0.007043198322839039,
 1.1245639988806497,
 -226.57499458032555,
 -0.0002715032981678112,
 -0.00014852477895126967]
}